{
    "studentList":[ {
            "id": 1,
            "name": "Nguyễn Văn Sơn",
            "groupId": 1,
            "position": "member"
        },
        {
            "id": 2,
            "name": "Nguyễn Hữu Ánh",
            "groupId": 1,
            "position": "member"
        },
        {
            "id": 3,
            "name": "Trần Mạnh Quân",
            "groupId": 4,
            "position": "monitor"
        },
        {
            "id": 4,
            "name": "Hà Quốc Tuấn",
            "groupId": 3,
            "position": "monitor"
        },
        {
            "id": 5,
            "name": "Hoàng Ngọc Thành",
            "groupId": 1,
            "position": "member"
        },
        {
            "id": 6,
            "name": "Vũ Thị Thu Hà",
            "groupId": 2,
            "position": "member"
        },
        {
            "id": 7,
            "name": "Phan Văn Trung",
            "groupId": 2,
            "position": "member"
        },
        {
            "id": 8,
            "name": "Nguyễn Cao Hoàng",
            "groupId": 2,
            "position": "member"
        },
        {
            "id": 9,
            "name": "Phùng Đắc Nhật Minh",
            "groupId": 5,
            "position": "monitor"
        },
        {
            "id": 10,
            "name": "Lê Việt Dũng",
            "groupId": 1,
            "position": "monitor"
        },
        {
            "id": 11,
            "name": "Đỗ Chí Công",
            "groupId": 2,
            "position": "member"
        },
        {
            "id": 12,
            "name": "Trần Công Tâm",
            "groupId": 3,
            "position": "member"
        },
        {
            "id": 13,
            "name": "Trương Thanh Tùng",
            "groupId": 3,
            "position": "member"
        },
        {
            "id": 14,
            "name": "Tạ Đức Chiến",
            "groupId": 3,
            "position": "member"
        },
        {
            "id": 15,
            "name": "Nguyễn Trọng Vĩnh",
            "groupId": 3,
            "position": "member"
        },
        {
            "id": 16,
            "name": "Ngô Chung Á Âu",
            "groupId": 4,
            "position": "member"
        },
        {
            "id": 17,
            "name": "Trần Thị Khánh Linh",
            "groupId": 2,
            "position": "monitor"
        },
        {
            "id": 18,
            "name": "Phan Tiến Thành",
            "groupId": 4,
            "position": "member"
        },
        {
            "id": 19,
            "name": "Đỗ Văn Huy",
            "groupId": 4,
            "position": "member"
        },
        {
            "id": 20,
            "name": "Nguyễn Trung Đức",
            "groupId": 5,
            "position": "member"
        },
        {
            "id": 21,
            "name": "Nguyễn Trung Nam",
            "groupId": 5,
            "position": "member"
        },
        {
            "id": 22,
            "name": "Trần Quốc Toàn",
            "groupId": 5,
            "position": "member"
        }]
}